cond1,bert,gibbs_cluster,gpt3_ada,gpt3_babbage,gpt3_curie,gpt3_davinci,gpt3_gibbs_completion,human_label
bert,,0.030616618635485877,0.0024123581464454602,0.030616618635485877,0.030616618635485877,0.0009692860948607031,0.030616618635485877,0.030616618635485877
gibbs_cluster,0.3794992061837489,,0.02057057260592289,0.3794992061837489,0.3794992061837489,0.008598400487560923,0.3794992061837489,0.3794992061837489
gpt3_ada,0.860764246493638,0.860764246493638,,0.860764246493638,0.860764246493638,0.3794992061837489,0.860764246493638,0.860764246493638
gpt3_babbage,3.4505323643131713e-06,3.4505323643131713e-06,3.4505323643131713e-06,,3.4505323643131713e-06,3.4505323643131713e-06,3.4505323643131713e-06,3.4505323643131713e-06
gpt3_curie,9.098660220114668e-06,9.098660220114668e-06,9.098660220114668e-06,9.098660220114668e-06,,9.098660220114668e-06,9.098660220114668e-06,9.098660220114668e-06
gpt3_davinci,0.16056863389412462,0.16056863389412462,0.16056863389412462,0.16056863389412462,0.16056863389412462,,0.16056863389412462,0.16056863389412462
gpt3_gibbs_completion,7.702220856411295e-06,7.702220856411295e-06,4.7025456800164025e-07,7.702220856411295e-06,7.702220856411295e-06,2.795196214448802e-07,,7.702220856411295e-06
human_label,0.01183350537024447,0.01183350537024447,0.0003168300739317434,0.01183350537024447,0.01183350537024447,6.266546591133554e-05,0.01183350537024447,
