cond1,bert,gibbs_cluster,gpt3_ada,gpt3_babbage,gpt3_curie,gpt3_davinci,gpt3_gibbs_completion,human_label
bert,,2.265491189814215,3.3038603114760283,2.265491189814215,2.265491189814215,3.644957377763735,2.265491189814215,2.265491189814215
gibbs_cluster,0.8915558282417286,,2.4406685037296727,0.8915558282417286,0.8915558282417286,2.805614612563881,0.8915558282417286,0.8915558282417286
gpt3_ada,0.1768658638749664,0.1768658638749664,,0.1768658638749664,0.1768658638749664,0.8915558282417286,0.1768658638749664,0.1768658638749664
gpt3_babbage,5.637801887844435,5.637801887844435,5.637801887844435,,5.637801887844435,5.637801887844435,5.637801887844435,5.637801887844435
gpt3_curie,5.299494268176219,5.299494268176219,5.299494268176219,5.299494268176219,,5.299494268176219,5.299494268176219,5.299494268176219
gpt3_davinci,1.4375905768565218,1.4375905768565218,1.4375905768565218,1.4375905768565218,1.4375905768565218,,1.4375905768565218,1.4375905768565218
gpt3_gibbs_completion,5.357583756107197,5.357583756107197,6.338366342550475,5.357583756107197,5.357583756107197,6.523138109719821,,5.357583756107197
human_label,2.674667484725186,2.674667484725186,4.051143629381999,2.674667484725186,2.674667484725186,4.6254044360664395,2.674667484725186,
