cond1,bert,gpt3_ada,gpt3_babbage,gpt3_curie,gpt3_davinci,gpt3_gibbs_completion,human_label
bert,,,,,,,0.5356238499877426
gibbs_cluster,0.0033580308024718044,4.69375868055388e-09,0.004219097869167162,0.001752985446964627,8.560576971195083e-09,0.0003084912716454981,0.005593637831686632
gpt3_ada,0.0024123581464454602,,0.0024338309753498756,0.009483214615343306,0.3794992061837489,,0.0003168300739317434
gpt3_babbage,0.8816178474837226,,,0.5719551478049594,0.003711434648261245,,0.6618778576080805
gpt3_curie,0.8867336081566791,,,,0.012281527211883237,,0.5009119452396624
gpt3_davinci,0.0009692860948607031,,,,,,6.266546591133554e-05
gpt3_gibbs_completion,5.449924758909064e-07,1.8251743495293358e-13,1.4825066336590526e-06,2.6349711761456864e-07,3.358734759989944e-13,,1.262384149759755e-07
